Volume,Heart Disease,Cancer,Stroke,Respiratory Diseases,Alzheimer's Disease,Diabetes,Influenza,Pneumonia,Kidney Diseases,Septicaemia,Liver Disease,Hypertension,Parkinson's Disease,Chronic Lower Respiratory Disease,Accidents,Injuries,Osteoporosis,Asthma,Depression,Oral Health Issues,HIV/AIDS,Tuberculosis,Malaria,Dengue Fever,Hepatitis,Epilepsy,Multiple Sclerosis
vol 1,4,97,9,2,0,9,196,178,2,219,0,0,0,0,101,69,0,6,41,0,0,125,269,78,0,9,0
vol 2,23,1335,10,0,0,227,3,102,3,0,4,0,0,0,128,140,1,10,93,0,0,130,142,3,71,12,0
vol 3,67,224,12,0,0,5,8,1058,6,0,0,0,0,0,185,95,0,383,73,0,0,192,83,0,2,4,0
vol 4,17,116,3,0,0,47,0,25,15,0,2,0,0,0,119,119,0,1,27,0,0,37,70,0,2,35,0
vol 5,10,41,97,0,0,33,2,56,0,0,0,0,2,0,138,358,1,15,124,0,0,36,57,1,17,530,5
